Employee_Name,EmpID,PositionID,Position,State,Age,Sex,MaritalDesc,CitizenDesc,HispanicLatino,RaceDesc,DateofHire,DateofTermination,TermReason,EmploymentStatus,Department,ManagerName,ManagerID,RecruitmentSource,PerformanceScore,EngagementSurvey,EmpSatisfaction,SpecialProjectsCount,LastPerformanceReview_Date,DaysLateLast30,Absences
"Adinolfi, Wilson  K",10026,19,Production Technician I,MA,36,M,Single,US Citizen,No,White,2011-07-05,NA,N/A-StillEmployed,Active,Production,Michael Albert,22,LinkedIn,Exceeds,4.6,5,0,2019-01-17,0,1
"Ait Sidi, Karthikeyan",10084,27,Sr. DBA,MA,44,M,Married,US Citizen,No,White,2015-03-30,2016-06-16,career change,Voluntarily Terminated,IT/IS,Simon Roup,4,Indeed,Fully Meets,4.96,3,6,2016-02-24,0,17
"Akinkuolie, Sarah",10196,20,NA,MA,31,F,Married,US Citizen,No,NA,2011-07-05,2012-09-24,hours,NA,Production,NA,20,LinkedIn,Fully Meets,3.02,3,0,2012-05-15,0,3
"Alagbe,Trina",10088,19,Production Technician I,MA,31,F,Married,US Citizen,No,White,2008-01-07,NA,N/A-StillEmployed,Active,Production,Elijiah Gray,16,Indeed,Fully Meets,4.84,5,0,2019-01-03,0,15
"Anderson, Carol",10069,19,Production Technician I,MA,30,F,Divorced,US Citizen,No,White,2011-07-11,2016-09-06,return to school,Voluntarily Terminated,Production,Webster Butler,39,Google Search,Fully Meets,5,4,0,2016-02-01,0,2
"Anderson, Linda",10002,19,Production Technician I,MA,42,F,Single,US Citizen,No,White,2012-01-09,NA,N/A-StillEmployed,Active,Production,NA,11,LinkedIn,Exceeds,5,NA,0,2019-01-07,NA,15
"Andreola, Colby",10194,NA,Software Engineer,MA,40,F,Single,US Citizen,No,White,2014-11-10,NA,NA,Active,Software Engineering,NA,NA,LinkedIn,Fully Meets,3.04,3,4,2019-01-02,0,19
"Athwal, Sam",10062,19,Production Technician I,MA,36,M,Widowed,US Citizen,No,White,2013-09-30,NA,N/A-StillEmployed,Active,Production,Ketsia Liebig,19,Employee Referral,Fully Meets,5,4,0,2019-02-25,0,19
"Bachiochi, Linda",10114,19,Production Technician I,MA,99,F,Single,US Citizen,No,Black or African American,2009-07-06,NA,N/A-StillEmployed,Active,Production,Brannon Miller,12,Diversity Job Fair,Fully Meets,4.46,3,0,2019-01-25,0,4
"Bacong, Alejandro",10250,14,IT Support,MA,31,M,Divorced,US Citizen,No,White,2015-01-05,NA,N/A-StillEmployed,Active,IT/IS,Peter Monroe,7,Indeed,Fully Meets,5,5,6,2019-02-18,0,16
"Baczenski, Rachael",10252,19,Production Technician I,MA,45,F,Married,US Citizen,Yes,Black or African American,2011-01-10,2017-01-12,Another position,Voluntarily Terminated,Production,David Stanley,14,Diversity Job Fair,Fully Meets,4.2,4,0,2016-01-30,0,12
"Barbara, Thomas",10242,19,NA,MA,45,M,Married,US Citizen,Yes,Black or African American,2012-04-02,2016-09-19,unhappy,Voluntarily Terminated,Production,Kissy Sullivan,20,Diversity Job Fair,NA,4.2,3,0,2016-05-06,NA,NA
"Barbossa, Hector",10012,9,Data Analyst,TX,31,M,Divorced,US Citizen,No,Black or African American,2014-11-10,NA,N/A-StillEmployed,Active,IT/IS,Simon Roup,4,Diversity Job Fair,Exceeds,4.28,4,5,2019-02-25,0,9
"Barone, Francesco  A",10265,19,Production Technician I,MA,99,M,NA,US Citizen,No,Two or more races,2012-02-20,NA,N/A-StillEmployed,NA,Production,NA,18,Google Search,Fully Meets,4.6,4,0,2019-02-14,0,7
"Barton, Nader",10066,19,Production Technician I,MA,42,M,Divorced,US Citizen,No,White,2012-09-24,2017-04-06,Another position,Voluntarily Terminated,Production,Michael Albert,22,On-line Web application,Fully Meets,5,5,0,2017-03-02,0,1
"Bates, Norman",10061,19,Production Technician I,MA,38,M,Single,US Citizen,No,White,2011-02-21,2017-08-04,attendance,Terminated for Cause,Production,Kelley Spirea,18,Google Search,Fully Meets,5,4,0,2017-04-05,0,20
"Beak, Kimberly",10023,20,Production Technician II,MA,53,F,Married,US Citizen,No,White,2016-07-21,NA,N/A-StillEmployed,Active,Production,Kelley Spirea,18,Employee Referral,Exceeds,4.4,3,0,2019-01-14,0,16
"Beatrice, Courtney",10055,19,Production Technician I,MA,49,F,Single,Eligible NonCitizen,No,White,2011-04-04,NA,N/A-StillEmployed,Active,Production,Elijiah Gray,16,Google Search,Fully Meets,5,5,0,2019-01-14,0,12
"Becker, Renee",10245,8,Database Administrator,MA,33,F,Single,US Citizen,Yes,White,2014-07-07,2015-09-12,performance,Terminated for Cause,IT/IS,Simon Roup,4,Google Search,Fully Meets,4.5,4,5,2015-01-15,0,8
"Becker, Scott",10277,19,Production Technician I,MA,40,M,Single,US Citizen,No,Asian,2013-07-08,NA,N/A-StillEmployed,Active,Production,Webster Butler,39,LinkedIn,Fully Meets,4.2,4,0,2019-01-11,0,13
"Bernstein, Sean",10046,19,Production Technician I,MA,49,M,Single,US Citizen,Yes,White,2012-04-02,NA,N/A-StillEmployed,Active,Production,Amy Dunn,11,Google Search,Fully Meets,5,3,0,2019-01-14,0,13
"Biden, Lowan  M",10226,19,Production Technician I,MA,61,F,Divorced,US Citizen,No,Asian,2013-08-19,NA,N/A-StillEmployed,Active,Production,Ketsia Liebig,19,Indeed,Fully Meets,4.2,3,0,2019-01-10,0,2
"Billis, Helen",10003,19,Production Technician I,MA,30,F,Married,US Citizen,No,White,2014-07-07,NA,N/A-StillEmployed,Active,Production,Brannon Miller,12,Indeed,Exceeds,5,3,0,2019-02-27,0,19
"Blount, Dianna",10294,20,Production Technician II,MA,29,F,Single,US Citizen,No,White,2011-04-04,NA,N/A-StillEmployed,Active,Production,Michael Albert,22,CareerBuilder,Needs Improvement,2,3,0,2019-02-27,2,3
"Bondwell, Betsy",10267,20,Production Technician II,MA,52,F,Single,US Citizen,No,White,2011-01-10,2014-04-04,career change,Voluntarily Terminated,Production,Elijiah Gray,16,Google Search,Fully Meets,4.8,5,0,2014-03-04,0,5
"Booth, Frank",10199,30,Enterprise Architect,CT,55,M,Single,US Citizen,No,Black or African American,2014-02-17,2016-02-19,Learned that he is a gangster,Terminated for Cause,IT/IS,Simon Roup,4,LinkedIn,Fully Meets,3.5,5,7,2016-01-10,0,2
"Boutwell, Bonalyn",10081,26,Sr. Accountant,MA,32,F,Married,US Citizen,No,Black or African American,2015-02-16,NA,N/A-StillEmployed,Active,Admin Offices,Brandon R. LeBlanc,3,Diversity Job Fair,Fully Meets,5,4,3,2019-02-18,0,4
"Bozzi, Charles",10175,18,Production Manager,MA,49,M,Single,US Citizen,No,Asian,2013-09-30,2014-08-07,retiring,Voluntarily Terminated,Production,Janet King,2,Indeed,Fully Meets,3.39,3,0,2014-02-20,0,14
"Brill, Donna",10177,19,Production Technician I,MA,29,F,Married,US Citizen,No,White,2012-04-02,2013-06-15,Another position,Voluntarily Terminated,Production,David Stanley,14,Google Search,Fully Meets,3.35,4,0,2013-03-04,0,6
"Brown, Mia",10238,1,Accountant I,MA,32,F,Married,US Citizen,No,Black or African American,2008-10-27,NA,N/A-StillEmployed,Active,Admin Offices,Brandon R. LeBlanc,1,Diversity Job Fair,Fully Meets,4.5,2,6,2019-01-15,0,14
"Buccheri, Joseph",10184,20,Production Technician II,MA,36,M,Single,US Citizen,No,White,2014-09-29,NA,N/A-StillEmployed,Active,Production,Webster Butler,39,Google Search,Fully Meets,3.19,3,0,2019-02-01,0,9
"Bugali, Josephine",10203,19,Production Technician I,MA,50,F,Separated,US Citizen,No,Black or African American,2013-11-11,NA,N/A-StillEmployed,Active,Production,Kissy Sullivan,20,Diversity Job Fair,Fully Meets,3.5,5,0,2019-01-21,0,17
"Bunbury, Jessica",10188,3,Area Sales Manager,VA,55,F,Married,Eligible NonCitizen,No,Black or African American,2011-08-15,2014-08-02,Another position,Voluntarily Terminated,Sales,John Smith,17,Google Search,Fully Meets,3.14,5,0,2013-02-10,1,19
"Burke, Joelle",10107,20,Production Technician II,MA,39,F,Single,US Citizen,No,Black or African American,2012-03-05,NA,N/A-StillEmployed,Active,Production,Amy Dunn,11,Employee Referral,Fully Meets,4.51,4,0,2019-02-21,0,3
"Burkett, Benjamin",10181,NA,Production Technician II,MA,NA,M,Married,US Citizen,No,White,NA,NA,N/A-StillEmployed,Active,Production,Ketsia Liebig,19,Indeed,NA,3.25,5,0,2019-01-14,0,15
"Cady, Max",10150,NA,Software Engineering Manager,MA,53,M,Single,US Citizen,No,NA,2011-08-15,NA,N/A-StillEmployed,Active,Software Engineering,Jennifer Zamora,5,Google Search,Fully Meets,3.84,3,5,NA,NA,4
"Candie, Calvin",10001,18,Production Manager,MA,36,M,Single,US Citizen,No,White,2016-01-28,NA,N/A-StillEmployed,Active,Production,Janet King,2,Indeed,Exceeds,5,3,0,2019-02-22,0,14
"Carabbio, Judith",10085,24,Software Engineer,MA,32,F,Single,US Citizen,No,White,2013-11-11,NA,N/A-StillEmployed,Active,Software Engineering,Alex Sweetwater,10,Indeed,Fully Meets,4.96,4,6,2019-01-30,0,3
"Carey, Michael",10115,19,Production Technician I,MA,99,M,Single,US Citizen,No,Black or African American,2014-03-31,NA,N/A-StillEmployed,Active,Production,Kelley Spirea,18,LinkedIn,Fully Meets,4.43,3,0,2019-02-01,0,14
"Carr, Claudia  N",10082,27,Sr. DBA,MA,33,F,Single,US Citizen,No,Black or African American,2016-06-30,NA,N/A-StillEmployed,Active,IT/IS,Simon Roup,4,LinkedIn,Fully Meets,5,5,6,2019-02-18,0,7
"Carter, Michelle",10040,3,Area Sales Manager,VT,56,F,Single,US Citizen,No,White,2014-08-18,NA,N/A-StillEmployed,Active,Sales,John Smith,17,Indeed,Fully Meets,5,5,0,2019-01-21,0,7
"Chace, Beatrice",10067,19,Production Technician I,MA,68,F,Single,US Citizen,No,White,2014-09-29,NA,N/A-StillEmployed,Active,Production,Michael Albert,22,Google Search,Fully Meets,5,4,0,2019-02-12,0,11
"Champaigne, Brian",10108,5,BI Director,MA,47,M,Married,US Citizen,No,White,2016-09-06,NA,N/A-StillEmployed,Active,IT/IS,Jennifer Zamora,5,Indeed,Fully Meets,4.5,5,7,2019-01-15,0,8
"Chan, Lin",10210,19,Production Technician I,MA,40,F,Single,US Citizen,No,White,2014-05-12,NA,N/A-StillEmployed,Active,Production,Elijiah Gray,16,Indeed,Fully Meets,3.3,4,0,2019-02-19,0,11
"Chang, Donovan  E",10154,19,Production Technician I,MA,36,M,Single,US Citizen,No,White,2013-07-08,NA,N/A-StillEmployed,Active,Production,Webster Butler,39,LinkedIn,Fully Meets,3.8,5,0,2019-01-14,0,4
"Chigurh, Anton",10200,3,Area Sales Manager,TX,49,M,Single,Eligible NonCitizen,No,Black or African American,2012-05-14,NA,N/A-StillEmployed,Active,Sales,Lynn Daneault,21,Employee Referral,Fully Meets,3,5,0,2019-01-19,0,17
"Chivukula, Enola",10240,19,Production Technician I,MA,36,F,Single,US Citizen,No,White,2011-06-27,2015-11-15,relocation out of area,Voluntarily Terminated,Production,Amy Dunn,11,Indeed,Fully Meets,4.3,4,0,2015-03-10,0,3
"Cierpiszewski, Caroline",10168,19,Production Technician I,MA,31,F,Single,Non-Citizen,No,Black or African American,2011-10-03,NA,N/A-StillEmployed,Active,Production,Ketsia Liebig,19,Indeed,Fully Meets,3.58,5,0,2019-01-30,0,3
"Clayton, Rick",10220,14,IT Support,MA,34,M,Single,US Citizen,No,White,2012-09-05,NA,N/A-StillEmployed,Active,IT/IS,Eric Dougall,6,Indeed,Fully Meets,4.7,3,6,2019-02-27,0,2
"Cloninger, Jennifer",10275,20,pasante subpagado,MA,38,F,Married,US Citizen,No,White,2011-05-16,2013-01-07,unhappy,Voluntarily Terminated,Production,Brannon Miller,12,Google Search,Fully Meets,4.2,5,0,2012-05-03,0,9
"Close, Phil",10269,20,Production Technician II,MA,41,M,Married,US Citizen,No,White,2010-08-30,2011-09-26,career change,Voluntarily Terminated,Production,David Stanley,14,Indeed,Fully Meets,4.2,4,0,2011-05-04,0,6
"Clukey, Elijian",10029,19,Production Technician I,MA,39,M,Married,US Citizen,No,White,2016-07-06,NA,N/A-StillEmployed,Active,Production,Brannon Miller,12,Employee Referral,Exceeds,4.1,4,0,2019-02-28,0,5
"Cockel, James",10261,19,Production Technician I,MA,42,M,Single,US Citizen,No,White,2013-07-08,NA,N/A-StillEmployed,Active,Production,David Stanley,14,Employee Referral,Fully Meets,4.4,5,0,2019-01-14,0,3
"Cole, Spencer",10292,19,Production Technician I,MA,40,M,Single,US Citizen,No,Black or African American,2011-07-11,2016-09-23,performance,Terminated for Cause,Production,Kissy Sullivan,20,LinkedIn,Needs Improvement,2,3,0,2016-05-01,5,16
"Corleone, Michael",10282,18,Production Manager,MA,44,M,Divorced,US Citizen,No,White,2010-07-20,NA,N/A-StillEmployed,Active,Production,Janet King,2,CareerBuilder,Needs Improvement,4.13,2,0,2019-01-14,3,3
"Corleone, Vito",10019,10,Director of Operations,MA,36,M,Single,US Citizen,No,Black or African American,2009-01-05,NA,N/A-StillEmployed,Active,Production,Janet King,2,Indeed,Exceeds,3.7,5,0,2019-02-04,0,15
"Cornett, Lisa",10094,19,Production Technician I,MA,42,F,Married,US Citizen,Yes,White,2015-01-05,NA,N/A-StillEmployed,Active,Production,Kelley Spirea,18,Indeed,Fully Meets,4.73,5,0,2019-02-14,0,6
"Costello, Frank",10193,9,Data Analyst,MA,33,M,Married,US Citizen,No,White,2015-03-30,NA,N/A-StillEmployed,Active,IT/IS,Simon Roup,4,Indeed,Fully Meets,3.04,3,6,2019-01-22,0,2
"Crimmings,   Jean",10132,19,Production Technician I,MA,32,F,Single,US Citizen,No,White,2016-07-06,NA,N/A-StillEmployed,Active,Production,Michael Albert,22,LinkedIn,Fully Meets,4.12,5,0,2019-01-28,0,15
"Cross, Noah",10083,28,Sr. Network Engineer,CT,54,M,Single,US Citizen,No,White,2014-11-10,NA,N/A-StillEmployed,Active,IT/IS,Peter Monroe,7,Employee Referral,Fully Meets,5,3,4,2019-01-02,0,5
"Daneault, Lynn",10099,21,Sales Manager,VT,29,F,Single,US Citizen,No,White,2014-05-05,NA,N/A-StillEmployed,Active,Sales,Debra Houlihan,15,Indeed,Fully Meets,4.62,4,0,2019-01-24,0,8
"Daniele, Ann",10212,28,Sr. Network Engineer,CT,67,F,Married,US Citizen,NA,White,2014-11-10,NA,N/A-StillEmployed,Active,IT/IS,NA,NA,LinkedIn,Fully Meets,3.1,5,NA,2019-02-12,0,19
"Darson, Jene'ya",10056,19,Production Technician I,MA,41,F,Married,US Citizen,No,White,2012-07-02,NA,N/A-StillEmployed,Active,Production,Elijiah Gray,16,Indeed,Fully Meets,5,3,0,2019-02-25,0,1
"Davis, Daniel",10143,20,Production Technician II,MA,40,M,Single,Eligible NonCitizen,No,Two or more races,2011-11-07,NA,N/A-StillEmployed,Active,Production,Kissy Sullivan,20,LinkedIn,Fully Meets,3.96,4,0,2019-02-27,0,6
"Dee, Randy",10311,19,Production Technician I,MA,99,M,Married,US Citizen,No,White,2018-07-09,NA,N/A-StillEmployed,Active,Production,Brannon Miller,12,Indeed,Fully Meets,4.3,4,3,2019-01-31,2,2
"DeGweck,  James",10070,19,Production Technician I,MA,42,M,Married,US Citizen,No,White,2011-05-16,2016-06-08,unhappy,Voluntarily Terminated,Production,Webster Butler,39,Indeed,Fully Meets,5,4,0,2016-04-02,0,14
"Del Bosque, Keyla",10155,24,Software Engineer,MA,40,F,Single,US Citizen,No,Black or African American,2012-01-09,NA,N/A-StillEmployed,Active,Software Engineering,Alex Sweetwater,10,CareerBuilder,Fully Meets,3.79,5,5,2019-01-25,0,8
"Delarge, Alex",10306,3,Area Sales Manager,AL,44,M,NA,US Citizen,No,NA,2014-09-29,NA,N/A-StillEmployed,Active,Sales,John Smith,17,Indeed,PIP,1.93,3,0,NA,6,NA
"Demita, Carla",10100,20,Production Technician II,MA,68,F,Separated,US Citizen,No,Black or African American,2011-04-04,2015-11-04,more money,Voluntarily Terminated,Production,Kelley Spirea,18,Google Search,Fully Meets,4.62,5,0,2015-05-06,0,1
"Desimone, Carl",10310,19,Production Technician I,MA,52,M,Married,US Citizen,No,White,2014-07-07,NA,N/A-StillEmployed,Active,Production,Amy Dunn,11,Indeed,PIP,1.12,2,0,2019-01-31,4,9
"DeVito, Tommy",10197,4,BI Developer,MA,36,M,Single,US Citizen,No,White,2017-02-15,NA,N/A-StillEmployed,Active,IT/IS,Brian Champaigne,13,Indeed,Fully Meets,3.01,5,7,2019-01-23,0,15
"Dickinson, Geoff",NA,19,Production Technician I,MA,99,M,Single,US Citizen,No,White,2014-05-12,NA,N/A-StillEmployed,Active,NA,Ketsia Liebig,19,Indeed,Fully Meets,4.3,4,0,NA,NA,1
"Dietrich, Jenna",10304,3,Area Sales Manager,WA,32,F,Single,US Citizen,Yes,White,2012-02-20,NA,N/A-StillEmployed,Active,Sales,John Smith,17,Website,PIP,2.3,1,0,2019-01-29,2,17
"DiNocco, Lily",10284,NA,Production Technician I,MA,NA,F,Married,US Citizen,No,Black or African American,NA,NA,N/A-StillEmployed,Active,Production,Brannon Miller,12,NA,Needs Improvement,3.88,4,0,2019-01-18,0,6
"Dobrin, Denisa  S",10207,19,Production Technician I,MA,33,F,Single,US Citizen,Yes,White,2012-04-02,NA,N/A-StillEmployed,Active,Production,David Stanley,14,CareerBuilder,Fully Meets,3.4,5,0,2019-02-19,0,15
"Dolan, Linda",10133,14,IT Support,MA,31,F,Married,US Citizen,No,White,2015-01-05,NA,N/A-StillEmployed,Active,IT/IS,Peter Monroe,7,Employee Referral,Fully Meets,4.11,4,6,2019-02-25,0,16
"Dougall, Eric",10028,13,IT Manager - Support,MA,49,M,Single,US Citizen,No,Black or African American,2014-01-05,NA,N/A-StillEmployed,Active,IT/IS,Jennifer Zamora,5,Indeed,Exceeds,4.3,5,5,2019-01-04,0,4
"Driver, Elle",10006,3,Area Sales Manager,CA,31,F,Single,US Citizen,No,White,2011-01-10,NA,N/A-StillEmployed,Active,Sales,Lynn Daneault,21,Indeed,Exceeds,4.77,5,0,2019-01-27,0,14
"Dunn, Amy",10105,18,Production Manager,MA,46,F,Single,US Citizen,No,White,2014-09-18,NA,N/A-StillEmployed,Active,Production,Janet King,2,Google Search,Fully Meets,4.52,4,0,2019-01-15,0,4
"Dunne, Amy",10211,19,Production Technician I,MA,46,F,Married,US Citizen,No,White,2010-04-26,NA,N/A-StillEmployed,Active,Production,Ketsia Liebig,19,Google Search,Fully Meets,2.9,3,0,2019-01-21,0,6
"Eaton, Marianne",10064,19,Production Technician I,MA,28,F,Married,US Citizen,No,White,2011-04-04,2017-06-06,military,Voluntarily Terminated,Production,Kissy Sullivan,20,Google Search,Fully Meets,5,3,0,2017-04-09,0,7
"Engdahl, Jean",10247,19,Production Technician I,MA,45,M,Single,US Citizen,No,White,2014-11-10,NA,N/A-StillEmployed,Active,Production,Kelley Spirea,18,LinkedIn,Fully Meets,4.7,5,0,2019-02-13,0,8
"England, Rex",10235,19,Production Technician I,MA,41,M,Married,US Citizen,No,White,2014-03-31,NA,N/A-StillEmployed,Active,Production,Kelley Spirea,18,Employee Referral,Fully Meets,4.2,3,0,2019-01-11,0,3
"Erilus, Angela",10299,20,Production Technician II,MA,30,F,Separated,US Citizen,No,White,2014-07-07,NA,N/A-StillEmployed,Active,Production,Michael Albert,22,Indeed,PIP,3,1,0,2019-02-25,2,5
"Estremera, Miguel",10280,19,Production Technician I,MA,36,M,Single,US Citizen,No,White,2012-04-02,2018-09-27,attendance,Terminated for Cause,Production,Michael Albert,22,Google Search,Needs Improvement,5,4,0,2018-04-12,5,16
"Evensen, April",10296,19,Production Technician I,MA,30,F,Single,US Citizen,No,White,2014-02-17,2018-02-25,"no-call, no-show",Terminated for Cause,Production,Elijiah Gray,16,Google Search,Needs Improvement,2.3,3,0,2017-01-15,5,19
"Exantus, Susan",10290,24,Software Engineer,MA,32,F,Married,US Citizen,No,Black or African American,2011-05-02,2013-06-05,attendance,Terminated for Cause,Software Engineering,Alex Sweetwater,10,Indeed,Needs Improvement,2.1,5,4,2012-08-10,4,19
"Faller, Megan",10263,20,Production Technician II,MA,41,F,Married,US Citizen,No,Black or African American,2014-07-07,NA,N/A-StillEmployed,Active,Production,Elijiah Gray,16,LinkedIn,Fully Meets,4.4,5,0,2019-02-22,0,17
"Fancett, Nicole",10136,20,Production Technician II,MA,32,F,Single,US Citizen,No,Black or African American,2014-02-17,NA,N/A-StillEmployed,Active,Production,Webster Butler,39,LinkedIn,Fully Meets,4,4,0,2019-01-07,0,7
"Ferguson, Susan",10189,19,Production Technician I,MA,64,F,Married,US Citizen,No,White,2011-11-07,2016-05-17,military,Voluntarily Terminated,Production,Webster Butler,39,Google Search,Fully Meets,3.13,3,0,2016-02-04,0,16
"Fernandes, Nilson",10308,19,Production Technician I,MA,30,M,Married,US Citizen,No,White,2015-05-11,NA,N/A-StillEmployed,Active,Production,Amy Dunn,11,Indeed,PIP,1.56,5,0,2019-01-03,6,15
"Fett, Boba",10309,15,Network Engineer,MA,32,M,Single,US Citizen,No,White,2015-03-30,NA,N/A-StillEmployed,Active,IT/IS,Peter Monroe,7,LinkedIn,PIP,1.2,3,6,2019-02-04,3,2
"Fidelia,  Libby",10049,19,Production Technician I,MA,38,F,Married,US Citizen,No,White,2012-01-09,NA,N/A-StillEmployed,Active,Production,Brannon Miller,12,Google Search,Fully Meets,5,5,0,2019-01-29,0,19
"Fitzpatrick, Michael  J",10093,20,Production Technician II,MA,38,M,Single,NA,Yes,White,NA,2013-06-24,hours,Voluntarily Terminated,NA,Amy Dunn,11,Google Search,Fully Meets,4.76,NA,0,2013-04-05,0,20
"Foreman, Tanya",10163,20,Production Technician II,MA,36,F,Married,US Citizen,No,White,2011-04-04,2013-01-09,career change,Voluntarily Terminated,Production,Ketsia Liebig,19,Google Search,Fully Meets,3.66,3,0,2012-01-07,0,6
"Forrest, Alex",10305,3,Area Sales Manager,MA,44,M,Married,US Citizen,No,White,2014-09-29,2018-08-19,Fatal attraction,Terminated for Cause,Sales,Lynn Daneault,21,Employee Referral,PIP,2,5,0,2019-01-28,4,7
"Foss, Jason",10015,12,IT Director,MA,99,M,Single,US Citizen,No,Black or African American,2011-04-15,NA,N/A-StillEmployed,Active,IT/IS,Jennifer Zamora,5,Indeed,Exceeds,5,5,5,2019-01-07,0,15
"Foster-Baker, Amy",10080,26,Sr. Accountant,MA,40,F,Married,US Citizen,no,White,2009-01-05,NA,N/A-StillEmployed,Active,Admin Offices,Board of Directors,9,Other,Fully Meets,5,3,2,2019-02-08,0,3
"Fraval, Maruk",10258,3,Area Sales Manager,CT,56,M,Single,US Citizen,No,Black or African American,2011-09-06,NA,N/A-StillEmployed,Active,Sales,Lynn Daneault,21,CareerBuilder,Fully Meets,4.3,3,0,2019-01-27,2,7
"Galia, Lisa",10273,14,IT Support,CT,51,F,Single,US Citizen,No,White,2010-05-01,NA,N/A-StillEmployed,Active,IT/IS,Eric Dougall,6,LinkedIn,Fully Meets,4.7,4,5,2019-02-01,0,1
"Garcia, Raul",10111,19,Production Technician I,MA,34,M,Single,US Citizen,Yes,White,2015-03-30,NA,N/A-StillEmployed,Active,Production,David Stanley,14,Employee Referral,Fully Meets,4.5,3,0,2019-02-18,0,5
"Gaul, Barbara",10257,19,Production Technician I,NA,36,F,Single,US Citizen,Yes,Black or African American,NA,NA,NA,Active,Production,NA,18,LinkedIn,Fully Meets,4.2,4,0,2019-02-26,0,12
"Gentry, Mildred",NA,19,Production Technician I,MA,29,F,Married,US Citizen,No,Black or African American,2015-03-30,NA,NA,Active,Production,NA,22,LinkedIn,Fully Meets,3.73,3,0,NA,0,19
"Gerke, Melisa",10122,19,Production Technician I,MA,49,F,Divorced,US Citizen,No,Black or African American,2011-11-07,2016-11-15,hours,Voluntarily Terminated,Production,Elijiah Gray,16,Diversity Job Fair,Fully Meets,4.24,4,0,2016-04-29,0,2
"Gill, Whitney",10142,3,Area Sales Manager,OH,48,F,Widowed,US Citizen,No,Black or African American,2014-07-07,2015-09-05,attendance,Terminated for Cause,Sales,John Smith,17,CareerBuilder,Fully Meets,3.97,4,0,2014-01-15,0,7
"Gilles, Alex",10283,19,pasante subpagado,MA,45,M,Married,US Citizen,No,Black or African American,2012-04-02,2015-06-25,military,Voluntarily Terminated,Production,Webster Butler,39,Diversity Job Fair,Needs Improvement,3.97,4,0,2015-01-20,3,15
"Girifalco, Evelyn",10018,NA,Production Technician I,NA,39,F,Single,US Citizen,Yes,Two or more races,2014-09-29,NA,N/A-StillEmployed,Active,Production,Amy Dunn,11,Indeed,Exceeds,3.9,4,NA,2019-02-07,NA,3
"Givens, Myriam",10255,3,Area Sales Manager,IN,30,F,Single,US Citizen,No,White,2015-02-16,NA,N/A-StillEmployed,Active,Sales,Lynn Daneault,21,Indeed,Fully Meets,4.5,5,0,2019-01-25,0,20
"Goble, Taisha",10246,8,Database Administrator,MA,48,F,Single,US Citizen,No,White,2015-02-16,2015-03-15,"no-call, no-show",Terminated for Cause,IT/IS,Simon Roup,4,Indeed,Fully Meets,4.6,4,4,2015-01-20,0,10
"Goeth, Amon",10228,14,IT Support,MA,30,M,Married,US Citizen,Yes,White,2015-03-30,NA,N/A-StillEmployed,Active,IT/IS,Peter Monroe,7,LinkedIn,Fully Meets,4.3,5,7,2019-01-10,0,20
"Gold, Shenice",10243,19,Production Technician I,MA,27,F,Single,US Citizen,Yes,White,2013-11-11,NA,N/A-StillEmployed,Active,Production,Ketsia Liebig,19,Indeed,Fully Meets,4.3,5,0,2019-02-18,0,7
"Gonzalez, Cayo",10031,19,Production Technician I,MA,50,M,Divorced,US Citizen,No,Black or African American,2011-07-11,NA,N/A-StillEmployed,Active,Production,Brannon Miller,12,Diversity Job Fair,Exceeds,4.5,4,0,2019-02-18,0,1
"Gonzalez, Juan",10300,20,Production Technician II,MA,55,M,Married,US Citizen,No,Black or African American,2010-04-26,2011-05-30,career change,Voluntarily Terminated,Production,Brannon Miller,12,Diversity Job Fair,PIP,3,3,0,2011-03-06,3,10
"Gonzalez, Maria",10101,14,IT Support,MA,38,F,Separated,US Citizen,Yes,White,2015-01-05,NA,N/A-StillEmployed,Active,IT/IS,Peter Monroe,7,Employee Referral,Fully Meets,4.61,4,5,2019-01-28,0,11
"Good, Susan",10237,20,Production Technician II,MA,33,F,Married,US Citizen,No,White,2014-05-12,NA,N/A-StillEmployed,Active,Production,David Stanley,14,LinkedIn,Fully Meets,4.6,3,0,2019-02-07,0,20
"Gordon, David",10051,19,Production Technician I,MA,40,M,Married,US Citizen,No,White,2012-07-02,NA,N/A-StillEmployed,Active,Production,David Stanley,14,LinkedIn,Fully Meets,5,3,0,2019-01-14,0,2
"Gosciminski, Phylicia",10218,20,Production Technician II,MA,36,F,Separated,US Citizen,No,American Indian or Alaska Native,2013-09-30,NA,N/A-StillEmployed,Active,Production,Kissy Sullivan,20,Google Search,Fully Meets,4.4,5,0,2019-02-21,0,1
"Goyal, Roxana",10256,19,Production Technician I,MA,45,F,Married,US Citizen,No,Asian,2013-08-19,NA,N/A-StillEmployed,Active,Production,Kissy Sullivan,20,LinkedIn,Fully Meets,4.1,5,0,2019-02-15,0,3
"Gray, Elijiah",10098,18,Production Manager,MA,38,M,Divorced,US Citizen,No,White,2015-06-02,NA,N/A-StillEmployed,Active,Production,Janet King,2,Employee Referral,Fully Meets,4.63,3,0,2019-01-04,0,2
"Gross, Paula",10059,19,Production Technician I,MA,36,F,Divorced,US Citizen,No,White,2011-02-21,2014-01-11,more money,Voluntarily Terminated,Production,Kelley Spirea,18,CareerBuilder,Fully Meets,5,5,0,2013-06-03,0,17
"Gruber, Hans",10234,4,BI Developer,MA,30,M,Married,US Citizen,No,Black or African American,2017-04-20,NA,N/A-StillEmployed,Active,IT/IS,Brian Champaigne,13,Indeed,Fully Meets,4.2,5,5,2019-01-28,0,8
"Guilianno, Mike",10109,3,Area Sales Manager,NA,50,NA,Single,US Citizen,No,Two or more races,2012-03-07,2014-10-31,NA,Voluntarily Terminated,Sales,John Smith,17,LinkedIn,Fully Meets,4.5,NA,0,2013-02-01,0,20
"Handschiegl, Joanne",10125,19,Production Technician I,MA,42,F,Married,US Citizen,No,White,2011-11-28,NA,N/A-StillEmployed,Active,Production,Michael Albert,22,Google Search,Fully Meets,4.2,4,0,2019-02-22,0,13
"Hankard, Earnest",10074,20,Production Technician II,MA,31,M,Single,US Citizen,Yes,White,2013-11-11,NA,N/A-StillEmployed,Active,Production,Kelley Spirea,18,LinkedIn,Fully Meets,5,3,0,2019-01-08,0,20
"Harrington, Christie",10097,19,Production Technician I,MA,67,F,Single,US Citizen,No,White,2012-01-09,2015-12-15,retiring,Voluntarily Terminated,Production,Webster Butler,39,CareerBuilder,Fully Meets,4.64,4,0,2015-05-02,0,8
"Harrison, Kara",10007,NA,Production Technician I,MA,45,F,Married,US Citizen,No,White,2014-05-12,NA,N/A-StillEmployed,Active,Production,Amy Dunn,NA,NA,Exceeds,4.76,4,0,2019-02-15,0,NA
"Heitzman, Anthony",10129,19,Production Technician I,MA,35,M,Single,US Citizen,No,White,2012-08-13,NA,N/A-StillEmployed,Active,Production,Ketsia Liebig,19,Google Search,Fully Meets,4.17,4,0,2019-02-11,0,1
"Hendrickson, Trina",10075,20,Production Technician II,MA,47,F,Single,US Citizen,No,White,2011-01-10,2013-06-18,hours,Voluntarily Terminated,Production,Kelley Spirea,18,CareerBuilder,Fully Meets,5,3,0,2013-01-30,0,15
"Hitchcock, Alfred",10167,3,Area Sales Manager,NH,31,M,Married,US Citizen,No,American Indian or Alaska Native,2014-08-18,NA,N/A-StillEmployed,Active,Sales,John Smith,17,Indeed,Fully Meets,3.6,5,0,2019-01-30,0,9
"Homberger, Adrienne  J",10195,20,Production Technician II,MA,35,F,Married,Non-Citizen,No,White,2011-08-15,2012-04-07,relocation out of area,Voluntarily Terminated,Production,Michael Albert,30,Indeed,Fully Meets,3.03,5,0,2012-03-05,0,16
NA,10112,8,Database Administrator,MA,35,F,Single,NA,No,White,2015-03-30,NA,N/A-StillEmployed,Active,IT/IS,Simon Roup,4,NA,Fully Meets,4.48,NA,6,2019-01-03,0,4
"Houlihan, Debra",10272,11,Director of Sales,RI,53,F,Married,US Citizen,No,White,2014-05-05,NA,N/A-StillEmployed,Active,Sales,Janet King,2,LinkedIn,Fully Meets,4.5,4,0,2019-01-21,0,19
"Howard, Estelle",10182,2,Administrative Assistant,MA,34,F,Married,US Citizen,No,Black or African American,2015-02-16,2015-04-15,"no-call, no-show",Terminated for Cause,Admin Offices,Brandon R. LeBlanc,1,Indeed,Fully Meets,3.24,3,4,2015-04-15,0,6
"Hudson, Jane",10248,19,Production Technician I,MA,33,F,Single,US Citizen,No,White,2012-02-20,NA,N/A-StillEmployed,Active,Production,Ketsia Liebig,19,LinkedIn,Fully Meets,4.8,4,0,2019-01-07,0,4
"Hunts, Julissa",10201,20,Production Technician II,MA,35,F,Single,US Citizen,No,White,2016-06-06,NA,N/A-StillEmployed,Active,Production,Elijiah Gray,16,LinkedIn,Fully Meets,3,5,0,2019-01-18,0,4
"Hutter, Rosalie",10214,20,NA,MA,27,F,Separated,NA,No,White,2015-06-05,NA,N/A-StillEmployed,Active,Production,Webster Butler,39,Indeed,Fully Meets,4.5,3,0,NA,0,NA
"Huynh, Ming",10160,20,Production Technician II,MA,43,F,Divorced,US Citizen,No,White,2011-02-21,2013-04-01,unhappy,Voluntarily Terminated,Production,Amy Dunn,11,Google Search,Fully Meets,3.72,3,0,2013-02-01,0,18
"Immediato, Walter",10289,18,Production Manager,MA,43,M,Married,US Citizen,No,Asian,2011-02-21,2012-09-24,unhappy,Voluntarily Terminated,Production,Janet King,2,Indeed,Needs Improvement,2.34,2,0,2012-04-12,3,4
"Ivey, Rose",10139,19,Production Technician I,MA,28,F,Single,US Citizen,No,White,2013-08-19,NA,N/A-StillEmployed,Active,Production,Brannon Miller,12,Indeed,Fully Meets,3.99,3,0,2019-01-14,0,14
"Jackson, Maryellen",10227,19,Production Technician I,MA,47,F,Single,US Citizen,No,Black or African American,2012-11-05,NA,N/A-StillEmployed,Active,Production,David Stanley,14,LinkedIn,Fully Meets,4.1,3,0,2019-01-17,0,7
"Jacobi, Hannah",10236,19,Production Technician I,MA,53,F,Divorced,US Citizen,No,White,2013-09-30,NA,N/A-StillEmployed,Active,Production,Kissy Sullivan,20,Employee Referral,Fully Meets,4.3,5,0,2019-02-22,0,7
"Jeannite, Tayana",10009,20,Production Technician II,MA,33,F,Divorced,US Citizen,No,American Indian or Alaska Native,2011-07-05,NA,N/A-StillEmployed,Active,Production,Ketsia Liebig,19,LinkedIn,Exceeds,4.6,4,0,2019-02-25,0,11
"Jhaveri, Sneha",10060,19,NA,MA,55,F,NA,US Citizen,No,White,2014-01-06,NA,N/A-StillEmployed,Active,NA,Kelley Spirea,18,LinkedIn,Fully Meets,NA,5,0,2019-01-21,0,9
"Johnson, George",10034,19,Production Technician I,MA,60,M,Married,US Citizen,No,White,2011-11-07,2018-04-29,more money,Voluntarily Terminated,Production,Michael Albert,22,CareerBuilder,Exceeds,4.7,4,0,2018-02-14,0,9
"Johnson, Noelle",10156,8,Database Administrator,MA,33,F,Married,US Citizen,No,Asian,2015-01-05,NA,N/A-StillEmployed,Active,IT/IS,Simon Roup,4,Indeed,Fully Meets,3.75,3,5,2019-02-11,0,2
"Johnston, Yen",10036,20,Production Technician II,MA,50,princesa,Single,US Citizen,No,White,2014-07-07,NA,N/A-StillEmployed,Active,Production,Brannon Miller,12,LinkedIn,Exceeds,4.3,3,0,2019-01-11,0,1
"Jung, Judy",10138,19,Production Technician I,MA,33,F,Married,US Citizen,No,Black or African American,2011-01-10,2016-04-01,unhappy,Voluntarily Terminated,Production,Elijiah Gray,16,CareerBuilder,Fully Meets,4,4,0,2016-02-03,0,4
"Kampew, Donysha",10244,21,Sales Manager,PA,30,F,Single,US Citizen,No,White,2011-11-07,2014-04-24,maternity leave - did not return,Voluntarily Terminated,Sales,Debra Houlihan,15,Google Search,Fully Meets,4.5,5,0,2013-03-30,0,2
"Keatts, Kramer",10192,19,Production Technician I,MA,43,princesa,Single,US Citizen,No,White,2013-09-30,NA,N/A-StillEmployed,Active,Production,Michael Albert,22,Indeed,Fully Meets,3.07,4,0,2019-01-23,0,10
"Khemmich, Bartholemew",10231,3,Area Sales Manager,CO,40,M,Single,US Citizen,No,White,2013-08-19,NA,N/A-StillEmployed,Active,Sales,Lynn Daneault,21,Indeed,Fully Meets,4.3,5,0,2019-01-22,0,13
"King, Janet",10089,16,President & CEO,MA,65,F,Married,US Citizen,Yes,White,2012-07-02,NA,N/A-StillEmployed,Active,Executive Office,Board of Directors,9,Indeed,Fully Meets,4.83,3,0,2019-01-17,0,10
"Kinsella, Kathleen",10166,19,Production Technician I,MA,46,F,Married,US Citizen,No,White,2011-09-26,2015-06-04,more money,Voluntarily Terminated,Production,Webster Butler,39,Google Search,Fully Meets,3.6,5,0,2015-03-01,0,16
"Kirill, Alexandra",10170,19,Production Technician I,MA,49,F,Married,US Citizen,No,White,2011-09-26,2014-01-09,more money,Voluntarily Terminated,Production,Amy Dunn,11,Google Search,Fully Meets,3.49,4,0,2013-01-30,0,6
"Knapp, Bradley  J",10208,19,Production Technician I,MA,42,M,Single,US Citizen,No,Black or African American,2014-02-17,NA,N/A-StillEmployed,Active,Production,Ketsia Liebig,19,LinkedIn,Fully Meets,3.1,3,0,2019-02-06,0,3
"Kretschmer, John",10176,19,Production Technician I,MA,39,M,Married,US Citizen,No,Asian,2011-01-10,NA,N/A-StillEmployed,Active,Production,Brannon Miller,12,Indeed,Fully Meets,3.38,3,0,2019-01-21,0,17
"Kreuger, Freddy",10165,3,Area Sales Manager,NY,50,M,Single,US Citizen,Yes,Black or African American,2011-03-07,NA,N/A-StillEmployed,Active,Sales,John Smith,17,Diversity Job Fair,Fully Meets,3.65,5,0,2019-01-17,0,20
"Lajiri,  Jyoti",10113,28,Sr. Network Engineer,MA,33,M,Married,US Citizen,No,White,2014-11-10,NA,N/A-StillEmployed,Active,IT/IS,Peter Monroe,7,Employee Referral,Fully Meets,4.46,5,6,2019-01-07,0,7
"Landa, Hans",10092,18,Production Manager,MA,47,M,Married,US Citizen,No,White,2011-01-10,2015-12-12,attendance,Terminated for Cause,Production,Janet King,2,Employee Referral,Fully Meets,4.78,4,0,2015-02-15,0,9
"Langford, Lindsey",10106,20,Production Technician II,MA,40,F,Divorced,US Citizen,No,Asian,2013-01-07,2014-03-31,Another position,Voluntarily Terminated,Production,David Stanley,14,Indeed,Fully Meets,4.52,3,0,2014-02-20,0,20
"Langton, Enrico",10052,19,Production Technician I,MA,33,M,Married,US Citizen,No,White,2012-07-09,NA,N/A-StillEmployed,Active,Production,NA,14,LinkedIn,NA,5,5,0,2019-02-04,0,13
"LaRotonda, William",10038,1,Accountant I,MA,35,M,Divorced,US Citizen,No,Black or African American,2014-01-06,NA,N/A-StillEmployed,Active,Admin Offices,Brandon R. LeBlanc,1,Website,Fully Meets,5,4,4,2019-01-17,0,3
"Latif, Mohammed",10249,20,Production Technician II,MA,35,M,Married,US Citizen,No,White,2012-04-02,2013-04-15,more money,Voluntarily Terminated,Production,Kissy Sullivan,20,Google Search,Fully Meets,4.9,3,0,2013-02-20,0,20
"Le, Binh",10232,22,Senior BI Developer,MA,32,F,Single,US Citizen,No,Asian,2016-10-02,NA,N/A-StillEmployed,Active,IT/IS,Brian Champaigne,13,Indeed,Fully Meets,4.1,5,7,2019-01-08,0,2
"Leach, Dallas",10087,19,Production Technician I,MA,40,F,Single,US Citizen,No,Asian,2011-09-26,2018-08-19,return to school,Voluntarily Terminated,Production,Kissy Sullivan,20,CareerBuilder,Fully Meets,4.88,3,0,2017-07-02,0,17
"LeBlanc, Brandon  R",10134,23,Shared Services Manager,MA,35,M,Married,US Citizen,No,White,2016-01-05,NA,N/A-StillEmployed,Active,Admin Offices,Janet King,2,CareerBuilder,Fully Meets,4.1,4,0,2019-01-28,0,20
"Lecter, Hannibal",10251,19,Production Technician I,MA,37,M,Married,US Citizen,No,Asian,2012-05-14,NA,N/A-StillEmployed,Active,Production,Elijiah Gray,16,Google Search,Fully Meets,4.1,3,0,2019-02-22,0,10
"Leruth, Giovanni",10103,3,Area Sales Manager,UT,31,M,Separated,US Citizen,No,Black or African American,2012-04-30,NA,N/A-StillEmployed,Active,Sales,John Smith,17,Website,Fully Meets,4.53,3,0,2019-01-29,0,16
"Liebig, Ketsia",10017,18,Production Manager,MA,38,F,Married,US Citizen,No,White,2013-09-30,NA,N/A-StillEmployed,Active,Production,Janet King,2,Website,Exceeds,4.1,3,0,2019-01-21,0,11
"Linares, Marilyn",10186,19,Production Technician I,MA,38,F,Married,US Citizen,No,White,2011-07-05,2018-09-26,unhappy,Voluntarily Terminated,Production,Michael Albert,22,Indeed,Fully Meets,3.18,4,0,2018-03-02,0,16
"Linden, Mathew",10137,20,Production Technician II,MA,40,M,Married,US Citizen,No,White,2013-07-08,NA,N/A-StillEmployed,Active,Production,Kelley Spirea,18,LinkedIn,Fully Meets,4,3,0,2019-02-18,0,7
"Lindsay, Leonara",10008,14,IT Support,CT,31,F,Single,US Citizen,Yes,Black or African American,2011-01-21,NA,N/A-StillEmployed,Active,IT/IS,Eric Dougall,NA,Diversity Job Fair,Exceeds,NA,4,5,NA,0,NA
"Lundy, Susan",10096,20,Production Technician II,MA,43,F,Widowed,US Citizen,No,White,2013-07-08,2016-09-15,more money,Voluntarily Terminated,Production,Michael Albert,22,LinkedIn,Fully Meets,4.65,4,0,2016-06-10,0,15
"Lunquist, Lisa",10035,20,Production Technician II,MA,37,F,Single,US Citizen,No,Black or African American,2013-08-19,NA,N/A-StillEmployed,Active,Production,Elijiah Gray,16,Indeed,Exceeds,4.2,4,0,2019-02-12,0,19
"Lydon, Allison",10057,19,Production Technician I,MA,44,F,Married,US Citizen,No,Black or African American,2015-02-16,NA,N/A-StillEmployed,Active,Production,Elijiah Gray,16,Website,Fully Meets,5,3,0,2019-01-23,0,6
"Lynch, Lindsay",10004,19,Production Technician I,MA,46,F,Single,US Citizen,Yes,Black or African American,2011-11-07,2015-11-14,Another position,Voluntarily Terminated,Production,Webster Butler,39,Diversity Job Fair,Exceeds,5,4,0,2015-02-02,0,17
"MacLennan, Samuel",10191,19,Production Technician I,MA,47,M,Widowed,US Citizen,No,White,2012-09-24,2017-09-26,hours,Voluntarily Terminated,Production,Amy Dunn,11,Indeed,Fully Meets,3.08,4,0,2017-04-01,0,18
"Mahoney, Lauren",10219,19,Production Technician I,MA,33,F,Single,US Citizen,No,White,2014-01-06,NA,N/A-StillEmployed,Active,Production,Ketsia Liebig,19,LinkedIn,Fully Meets,4.6,4,0,2019-02-26,0,14
"Manchester, Robyn",10077,20,Production Technician II,MA,43,F,Married,US Citizen,No,White,2016-05-11,NA,N/A-StillEmployed,Active,Production,Webster Butler,39,LinkedIn,Fully Meets,5,3,0,2019-01-21,0,4
"Mancuso, Karen",10073,20,Production Technician II,MA,33,F,Married,US Citizen,No,Two or more races,2011-07-05,2012-08-19,Another position,Voluntarily Terminated,Production,Amy Dunn,11,LinkedIn,Fully Meets,5,4,0,2012-07-02,0,16
"Mangal, Debbie",10279,19,Production Technician I,MA,45,F,Married,US Citizen,No,White,2013-11-11,NA,N/A-StillEmployed,Active,Production,Brannon Miller,12,LinkedIn,Fully Meets,4.1,3,0,2019-01-22,0,11
"Martin, Sandra",10110,24,Software Engineer,MA,32,F,Single,US Citizen,No,Asian,2013-11-11,NA,N/A-StillEmployed,Active,Software Engineering,Alex Sweetwater,10,Google Search,Fully Meets,4.5,5,4,2019-01-14,0,14
"Maurice, Shana",10053,19,Production Technician I,MA,42,F,Married,US Citizen,No,White,2011-05-31,NA,N/A-StillEmployed,Active,Production,David Stanley,14,Indeed,Fully Meets,5,4,0,2019-01-10,0,8
"Carthy, B'rigit",10076,20,Production Technician II,MA,32,F,Single,US Citizen,No,Black or African American,2015-03-30,NA,N/A-StillEmployed,Active,Production,Ketsia Liebig,19,LinkedIn,Fully Meets,5,5,0,2019-02-07,0,16
"Mckenna, Sandy",10145,19,Production Technician I,MA,99,F,Married,US Citizen,No,Black or African American,2013-01-07,NA,N/A-StillEmployed,Active,Production,Kissy Sullivan,20,CareerBuilder,Fully Meets,3.93,3,0,2019-01-30,0,20
"McKinzie, Jac",10202,3,Area Sales Manager,TX,35,M,Married,US Citizen,No,Two or more races,2016-07-06,NA,N/A-StillEmployed,Active,Sales,Lynn Daneault,21,Website,Fully Meets,3.4,4,0,2019-01-29,0,7
"Meads, Elizabeth",10128,19,Production Technician I,MA,51,F,Single,US Citizen,No,Black or African American,2012-04-02,2016-11-11,Another position,Voluntarily Terminated,Production,Kelley Spirea,18,Diversity Job Fair,Fully Meets,4.18,4,0,2016-02-05,0,17
"Medeiros, Jennifer",10068,19,Production Technician I,MA,43,F,Single,US Citizen,No,White,2015-03-30,NA,N/A-StillEmployed,Active,Production,Michael Albert,22,CareerBuilder,Fully Meets,5,4,0,2019-01-21,0,10
"Miller, Brannon",10116,18,Production Manager,MA,38,M,Single,US Citizen,yes,Hispanic,2012-08-16,NA,N/A-StillEmployed,Active,Production,Janet King,2,Indeed,Fully Meets,4.37,3,0,2019-01-14,0,2
"Miller, Ned",10298,NA,Production Technician II,MA,34,M,Single,US Citizen,No,NA,2011-08-15,2014-09-04,unhappy,NA,Production,Brannon Miller,12,LinkedIn,PIP,3,2,0,2013-01-14,6,6
"Monkfish, Erasumus",10213,20,pasante subpagado,MA,27,M,Married,US Citizen,No,White,2011-11-07,NA,N/A-StillEmployed,Active,Production,David Stanley,14,LinkedIn,Fully Meets,3.7,3,0,2019-01-08,0,14
"Monroe, Peter",10288,NA,IT Manager - Infra,MA,33,M,Married,NA,Yes,Black or African American,2012-02-15,NA,N/A-StillEmployed,Active,NA,Jennifer Zamora,5,Diversity Job Fair,Needs Improvement,2.39,3,6,2019-02-22,4,NA
"Monterro, Luisa",10025,20,Production Technician II,MA,49,F,Single,US Citizen,No,Black or African American,2013-05-13,NA,N/A-StillEmployed,Active,Production,Kissy Sullivan,20,Indeed,Exceeds,4.7,3,0,2019-01-14,0,1
"Moran, Patrick",10223,20,Production Technician II,MA,43,M,Single,US Citizen,No,Black or African American,2012-01-09,NA,N/A-StillEmployed,Active,Production,Kelley Spirea,18,Diversity Job Fair,Fully Meets,4.1,4,0,2019-01-31,0,12
"Morway, Tanya",10151,15,Network Engineer,MA,40,F,Married,US Citizen,No,White,2015-02-16,NA,N/A-StillEmployed,Active,IT/IS,Peter Monroe,7,CareerBuilder,Fully Meets,3.81,3,6,2019-02-11,0,6
"Motlagh,  Dawn",10254,19,Production Technician I,MA,35,F,Divorced,US Citizen,No,White,2013-04-01,NA,N/A-StillEmployed,Active,Production,Elijiah Gray,16,LinkedIn,Fully Meets,4.4,4,0,2019-01-17,0,18
"Moumanil, Maliki",10120,20,Production Technician II,MA,45,M,Separated,US Citizen,No,Black or African American,2013-05-13,NA,N/A-StillEmployed,Active,Production,Michael Albert,22,LinkedIn,Fully Meets,4.29,5,0,2019-01-28,0,11
"Myers, Michael",10216,19,Production Technician I,MA,99,M,Single,US Citizen,No,Asian,2013-07-08,NA,N/A-StillEmployed,Active,Production,Kissy Sullivan,20,LinkedIn,Fully Meets,4.1,4,0,2019-01-22,0,13
"Navathe, Kurt",10079,22,Senior BI Developer,MA,49,M,Single,US Citizen,No,Asian,2017-02-10,NA,N/A-StillEmployed,Active,IT/IS,Brian Champaigne,13,Indeed,Fully Meets,5,3,6,2019-02-25,0,17
"Ndzi, Colombui",10215,19,Production Technician I,MA,30,M,Single,US Citizen,No,Black or African American,2011-09-26,2014-04-04,return to school,Voluntarily Terminated,Production,Webster Butler,39,Diversity Job Fair,Fully Meets,4.3,3,0,2013-03-02,0,19
"Ndzi, Horia",10185,19,Production Technician I,MA,36,M,Married,US Citizen,No,White,2013-04-01,2016-05-25,more money,Voluntarily Terminated,Production,Amy Dunn,11,Employee Referral,Fully Meets,3.18,3,0,2016-03-06,0,10
"Newman, Richard",10063,19,Production Technician I,MA,42,M,Married,US Citizen,No,White,2014-05-12,NA,N/A-StillEmployed,Active,Production,Ketsia Liebig,19,LinkedIn,Fully Meets,5,5,0,2019-02-18,0,11
"Ngodup, Shari",10037,19,Production Technician I,MA,52,F,Separated,US Citizen,No,Black or African American,2013-04-01,NA,N/A-StillEmployed,Active,Production,Brannon Miller,12,Diversity Job Fair,Exceeds,4,3,0,2019-02-13,0,12
"Nguyen, Dheepa",10042,3,Area Sales Manager,GA,30,princesa,Single,US Citizen,No,Two or more races,2013-07-08,NA,N/A-StillEmployed,Active,Sales,Lynn Daneault,21,Indeed,Fully Meets,5,5,0,2019-01-25,0,2
"Nguyen, Lei-Ming",10206,19,Production Technician I,MA,35,F,Single,NA,No,White,2013-07-08,NA,NA,Active,Production,David Stanley,14,NA,Fully Meets,NA,5,0,2019-01-02,0,4
"Nowlan, Kristie",10104,20,Production Technician II,MA,34,F,Single,NA,No,NA,2014-11-10,NA,N/A-StillEmployed,Active,NA,Elijiah Gray,16,Indeed,Fully Meets,4.53,5,0,NA,0,5
"O'hare, Lynn",10303,19,Production Technician I,MA,39,F,Single,US Citizen,No,Two or more races,2014-03-31,2018-05-01,performance,Terminated for Cause,Production,Kissy Sullivan,20,LinkedIn,PIP,2.33,2,0,2018-03-09,6,3
"Oliver, Brooke",10078,20,Production Technician II,MA,67,F,Married,US Citizen,No,Asian,2012-05-14,2013-08-19,unhappy,Voluntarily Terminated,Production,Webster Butler,39,LinkedIn,Fully Meets,5,3,0,2013-07-02,0,17
"Onque, Jasmine",10121,3,Area Sales Manager,FL,29,F,Single,US Citizen,Yes,White,2013-09-30,NA,N/A-StillEmployed,Active,Sales,Lynn Daneault,21,Indeed,Fully Meets,4.28,3,0,2019-01-25,0,1
"Osturnka, Adeel",10021,19,Production Technician I,MA,43,M,Married,US Citizen,No,White,2013-09-30,NA,N/A-StillEmployed,Active,Production,Kelley Spirea,18,LinkedIn,Exceeds,5,3,0,2019-02-07,0,13
"Owad, Clinton",10281,19,Production Technician I,MA,40,M,Single,US Citizen,No,Black or African American,2014-02-17,NA,N/A-StillEmployed,Active,Production,Michael Albert,22,LinkedIn,Needs Improvement,4.25,3,0,2019-02-04,4,6
"Ozark, Travis",10041,3,Area Sales Manager,NC,37,M,Single,US Citizen,No,White,2015-01-05,NA,N/A-StillEmployed,Active,Sales,John Smith,17,Website,Fully Meets,5,5,0,2019-01-14,0,18
"Panjwani, Nina",10148,19,Production Technician I,MA,40,F,Married,US Citizen,No,White,2011-02-07,2014-01-12,Another position,Voluntarily Terminated,Production,Elijiah Gray,16,Google Search,Fully Meets,3.89,4,0,2013-03-04,0,7
"Patronick, Lucas",10005,24,pasante subpagado,MA,40,M,Single,US Citizen,No,Black or African American,2011-11-07,2015-09-07,Another position,Voluntarily Terminated,Software Engineering,Alex Sweetwater,10,Diversity Job Fair,Exceeds,5,5,3,2015-08-16,0,13
"Pearson, Randall",10259,9,Data Analyst,MA,35,M,Married,US Citizen,No,White,2014-12-01,2016-05-01,performance,Voluntarily Terminated,IT/IS,Simon Roup,4,Employee Referral,Fully Meets,4.7,4,5,2016-01-16,0,19
"Smith, Martin",10286,19,Production Technician I,MA,31,M,Single,US Citizen,No,Black or African American,2011-01-10,2017-12-28,career change,Voluntarily Terminated,Production,Webster Butler,39,Google Search,Needs Improvement,3.54,5,0,2017-04-06,4,15
"Pelletier, Ermine",10297,20,Production Technician II,MA,30,F,Married,US Citizen,No,Asian,2011-07-05,2015-09-15,unhappy,Voluntarily Terminated,Production,Amy Dunn,11,CareerBuilder,Needs Improvement,2.4,5,0,2015-02-06,5,2
"Perry, Shakira",10171,19,Production Technician I,MA,33,F,Single,US Citizen,No,White,2011-05-16,2015-10-25,medical issues,Voluntarily Terminated,Production,Amy Dunn,11,LinkedIn,Fully Meets,3.45,4,0,2014-05-13,0,5
"Peters, Lauren",10032,20,Production Technician II,MA,33,F,Married,US Citizen,No,White,2011-05-16,2013-02-04,more money,Voluntarily Terminated,Production,Ketsia Liebig,19,Indeed,Exceeds,4.2,5,0,2013-01-10,0,12
"Peterson, Ebonee",10130,18,Production Manager,MA,42,F,Married,US Citizen,No,White,2010-10-25,2016-05-18,Another position,Voluntarily Terminated,Production,Janet King,2,Indeed,Fully Meets,4.16,5,0,2015-03-05,0,6
"Petingill, Shana",10217,20,Production Technician II,MA,40,F,Married,Eligible NonCitizen,No,Asian,2012-04-02,NA,N/A-StillEmployed,Active,Production,Brannon Miller,12,LinkedIn,Fully Meets,4.3,3,0,2019-01-14,0,14
"Petrowsky, Thelma",10016,9,Data Analyst,MA,35,F,Married,US Citizen,No,Black or African American,2014-11-10,NA,N/A-StillEmployed,Active,IT/IS,Simon Roup,4,Employee Referral,Exceeds,4.6,5,7,2019-01-04,0,16
"Pham, Hong",10050,19,Production Technician I,MA,31,M,Married,US Citizen,No,Asian,2011-07-05,2012-11-30,more money,Voluntarily Terminated,Production,Brannon Miller,12,Google Search,Fully Meets,5,3,0,2012-02-20,0,13
"Pitt, Brad",10164,19,Production Technician I,MA,38,M,Single,US Citizen,No,White,2007-11-05,NA,N/A-StillEmployed,Active,Production,David Stanley,14,Google Search,Fully Meets,3.66,3,0,2019-02-25,0,15
"Potts, Xana",10124,3,Area Sales Manager,KY,31,F,Married,US Citizen,No,Black or African American,2012-01-09,NA,N/A-StillEmployed,Active,Sales,Lynn Daneault,21,Website,Fully Meets,4.2,5,0,2019-02-01,0,9
"Power, Morissa",10187,19,Production Technician I,MA,35,F,Divorced,Eligible NonCitizen,No,Asian,2011-05-16,2018-06-04,Another position,Voluntarily Terminated,Production,Kissy Sullivan,20,Google Search,Fully Meets,3.17,4,0,2018-04-02,0,14
"Punjabhi, Louis",10225,19,Production Technician I,MA,58,M,Single,US Citizen,No,White,2014-01-06,NA,N/A-StillEmployed,Active,Production,Kelley Spirea,18,Employee Referral,Fully Meets,4.8,3,0,2019-01-07,0,14
"Purinton, Janine",10262,19,Production Technician I,MA,49,F,Divorced,US Citizen,No,White,2012-09-24,2013-06-18,unhappy,Voluntarily Terminated,Production,Kissy Sullivan,20,Indeed,Fully Meets,4.5,5,0,2013-04-02,0,16
"Quinn, Sean",10131,23,Software Engineer,MA,35,M,Married,Eligible NonCitizen,No,Black or African American,2011-02-21,2015-08-15,career change,Voluntarily Terminated,Software Engineering,Janet King,2,Diversity Job Fair,Fully Meets,4.15,4,0,2014-04-19,0,4
"Rachael, Maggie",10239,4,BI Developer,MA,39,F,Married,US Citizen,No,Black or African American,2016-10-02,NA,N/A-StillEmployed,Active,IT/IS,Brian Champaigne,13,Indeed,Fully Meets,4.4,4,6,2019-02-06,0,10
"Rarrick, Quinn",10152,19,Production Technician I,MA,35,M,Divorced,US Citizen,No,White,2011-09-26,2018-04-07,more money,Voluntarily Terminated,Production,Michael Albert,22,Indeed,Fully Meets,3.8,5,0,2018-02-04,0,19
"Ren, Kylo",10140,3,Area Sales Manager,ID,65,M,Married,US Citizen,No,White,2014-05-12,NA,N/A-StillEmployed,Active,Sales,John Smith,17,CareerBuilder,Fully Meets,3.98,3,0,2019-01-28,0,4
"Rhoads, Thomas",10058,19,Production Technician I,MA,99,M,Divorced,US Citizen,Yes,White,2011-05-16,2016-01-15,retiring,Voluntarily Terminated,Production,Elijiah Gray,16,LinkedIn,Fully Meets,5,4,0,2015-03-30,0,11
"Rivera, Haley",10011,19,Production Technician I,MA,46,F,Married,US Citizen,No,Asian,2011-11-28,NA,N/A-StillEmployed,Active,Production,Webster Butler,39,Google Search,Exceeds,4.36,5,0,2019-02-11,0,16
"Roberson, May",10230,20,Production Technician II,MA,38,F,Divorced,Eligible NonCitizen,No,Black or African American,2011-09-26,2011-10-22,return to school,Voluntarily Terminated,Production,David Stanley,14,Google Search,Fully Meets,4.5,4,0,2011-10-22,0,10
"Robertson, Peter",10224,20,Production Technician II,MA,47,M,Married,US Citizen,No,White,2011-07-05,2012-02-08,Another position,Voluntarily Terminated,Production,Kissy Sullivan,20,Indeed,Fully Meets,4.2,5,0,2012-01-06,0,13
"Robinson, Alain",10047,19,Production Technician I,MA,45,M,Married,US Citizen,No,Black or African American,2011-01-10,2016-01-26,attendance,Voluntarily Terminated,Production,Amy Dunn,11,Indeed,Fully Meets,5,3,0,2015-01-10,0,11
"Robinson, Cherly",10285,19,Production Technician I,MA,34,F,Married,US Citizen,No,White,2011-01-10,2016-05-17,attendance,Terminated for Cause,Production,Ketsia Liebig,19,Indeed,Needs Improvement,3.6,3,0,2016-04-05,4,16
"Robinson, Elias",10020,19,Production Technician I,MA,34,M,Widowed,US Citizen,No,White,2013-07-08,NA,N/A-StillEmployed,Active,Production,Brannon Miller,12,Employee Referral,Exceeds,3.6,5,0,2019-02-11,0,4
"Roby, Lori",10162,9,Data Analyst,MA,38,F,Married,US Citizen,No,White,2015-02-16,NA,N/A-StillEmployed,Active,IT/IS,Simon Roup,4,Employee Referral,Fully Meets,3.69,5,6,2019-02-14,0,15
"Roehrich, Bianca",10149,29,Principal Data Architect,MA,46,F,Single,US Citizen,Yes,White,2015-01-05,2018-11-10,Another position,Voluntarily Terminated,IT/IS,Simon Roup,4,LinkedIn,Fully Meets,3.88,3,7,2018-02-13,0,12
"Roper, Katie",10086,7,Data Architect,MA,47,F,Single,US Citizen,No,Black or African American,2017-01-07,NA,N/A-StillEmployed,Active,IT/IS,Brian Champaigne,13,Indeed,Fully Meets,4.94,3,5,2019-02-06,0,17
"Rose, Ashley",10054,19,Production Technician I,MA,45,F,Separated,US Citizen,No,White,2014-01-06,NA,N/A-StillEmployed,Active,Production,David Stanley,14,Website,Fully Meets,5,4,0,2019-01-31,0,8
"Rossetti, Bruno",10065,19,Production Technician I,MA,32,M,Single,US Citizen,No,White,2011-04-04,2018-08-13,Another position,Voluntarily Terminated,Production,Kissy Sullivan,20,Google Search,Fully Meets,5,5,0,2018-07-02,0,4
"Roup,Simon",10198,13,IT Manager - DB,MA,46,M,Single,US Citizen,No,White,2013-01-20,NA,N/A-StillEmployed,Active,IT/IS,Jennifer Zamora,5,Indeed,Fully Meets,3.6,5,7,2019-02-18,0,13
"Ruiz, Ricardo",10222,13,IT Manager - DB,MA,55,M,Divorced,US Citizen,No,Black or African American,2012-01-09,2015-11-04,hours,Voluntarily Terminated,IT/IS,Jennifer Zamora,5,Diversity Job Fair,Fully Meets,4.3,4,6,2015-01-04,0,8
"Saada, Adell",10126,24,Software Engineer,MA,33,F,Married,US Citizen,No,White,2012-11-05,NA,N/A-StillEmployed,Active,Software Engineering,Alex Sweetwater,10,Indeed,Fully Meets,4.2,3,6,2019-02-13,0,2
"Saar-Beckles, Melinda",10295,19,Production Technician I,MA,51,F,Single,US Citizen,No,Black or African American,2016-07-04,NA,N/A-StillEmployed,Active,Production,Kelley Spirea,18,Diversity Job Fair,Needs Improvement,2.6,4,0,2019-02-18,5,4
"Sadki, Nore",10260,19,Production Technician I,MA,45,M,Single,US Citizen,No,White,2009-01-05,2018-07-30,relocation out of area,Voluntarily Terminated,Production,Michael Albert,22,Google Search,Fully Meets,4.6,5,0,2018-02-05,0,7
"Sahoo, Adil",10233,20,Production Technician II,MA,33,M,Married,US Citizen,No,White,2010-08-30,NA,N/A-StillEmployed,Active,Production,Kelley Spirea,18,CareerBuilder,Fully Meets,4.1,3,0,2019-01-10,0,13
"Salter, Jason",10229,9,Data Analyst,MA,32,M,Divorced,US Citizen,No,Black or African American,2015-01-05,2015-10-31,hours,Voluntarily Terminated,IT/IS,Simon Roup,4,LinkedIn,Fully Meets,4.2,3,5,2015-04-20,0,2
"Sander, Kamrin",10169,19,Production Technician I,MA,31,F,Married,US Citizen,No,Black or African American,2014-09-29,NA,N/A-StillEmployed,Active,Production,Elijiah Gray,16,LinkedIn,Fully Meets,3.51,3,0,2019-02-18,0,2
"Sewkumar, Nori",10071,19,Production Technician I,MA,44,F,Single,US Citizen,No,Asian,2013-09-30,NA,N/A-StillEmployed,Active,Production,Webster Butler,39,Google Search,Fully Meets,5,5,0,2019-02-06,0,14
"Shepard, Anita",10179,15,Network Engineer,MA,38,F,Married,US Citizen,No,White,2014-09-30,NA,N/A-StillEmployed,Active,IT/IS,Peter Monroe,7,LinkedIn,Fully Meets,3.31,3,6,2019-01-07,0,7
"Shields, Seffi",10091,NA,Production Technician I,MA,34,F,Married,US Citizen,NA,White,2013-08-19,NA,N/A-StillEmployed,Active,NA,Amy Dunn,11,LinkedIn,Fully Meets,4.81,4,0,2019-02-15,NA,15
"Simard, Kramer",10178,9,Data Analyst,MA,49,M,Married,US Citizen,Yes,White,2015-01-05,NA,N/A-StillEmployed,Active,IT/IS,Simon Roup,4,Employee Referral,Fully Meets,3.32,3,7,2019-01-14,0,16
"Singh, Nan",10039,2,Administrative Assistant,MA,31,F,NA,US Citizen,No,White,2015-05-01,NA,NA,NA,Admin Offices,Brandon R. LeBlanc,1,Website,NA,5,3,5,2019-01-15,0,2
"Sloan, Constance",10095,20,Production Technician II,MA,32,F,Single,US Citizen,No,White,2009-10-26,2015-04-08,maternity leave - did not return,Voluntarily Terminated,Production,Michael Albert,22,CareerBuilder,Fully Meets,4.68,4,0,2015-04-02,0,20
"Smith, Joe",10027,20,Production Technician II,NA,56,M,Single,US Citizen,No,White,2014-09-29,NA,N/A-StillEmployed,NA,Production,Elijiah Gray,16,Indeed,Exceeds,4.3,3,NA,2019-01-28,0,NA
"Smith, John",10291,21,Sales Manager,MA,35,M,Divorced,US Citizen,No,Black or African American,2014-05-18,NA,N/A-StillEmployed,Active,Sales,Debra Houlihan,15,Diversity Job Fair,Needs Improvement,2.4,4,0,2019-01-16,2,16
"Smith, Leigh Ann",10153,2,Administrative Assistant,MA,32,F,Married,US Citizen,No,Black or African American,2011-09-26,2013-09-25,career change,Voluntarily Terminated,Admin Offices,Brandon R. LeBlanc,1,Diversity Job Fair,Fully Meets,3.8,4,4,2013-08-15,0,17
"Smith, Sade",10157,19,Production Technician I,MA,54,F,Single,US Citizen,No,White,2013-11-11,NA,N/A-StillEmployed,Active,Production,Ketsia Liebig,19,Employee Referral,Fully Meets,3.73,3,0,2019-01-24,0,16
"Soto, Julia",10119,14,IT Support,MA,46,F,Married,US Citizen,No,Black or African American,2011-06-10,NA,N/A-StillEmployed,Active,IT/IS,Eric Dougall,6,LinkedIn,Fully Meets,4.3,3,5,2019-02-08,0,19
"Soze, Keyser",10180,28,Sr. Network Engineer,MA,36,M,Married,US Citizen,No,Asian,2016-06-30,NA,N/A-StillEmployed,Active,IT/IS,Peter Monroe,7,LinkedIn,Fully Meets,3.27,4,5,2019-01-14,0,13
"Sparks, Taylor",10302,19,Production Technician I,MA,51,F,Married,US Citizen,No,White,2012-02-20,NA,N/A-StillEmployed,Active,Production,Brannon Miller,12,Indeed,PIP,2.4,2,1,2019-02-25,6,20
"Spirea, Kelley",10090,18,Production Manager,MA,44,F,Married,US Citizen,No,White,2012-10-02,NA,N/A-StillEmployed,Active,Production,Janet King,2,LinkedIn,Fully Meets,4.83,5,0,2019-02-14,0,15
"Squatrito, Kristen",10030,19,Production Technician I,MA,46,F,Divorced,US Citizen,No,White,2013-05-13,2015-06-29,unhappy,Voluntarily Terminated,Production,David Stanley,14,LinkedIn,Exceeds,4.1,4,0,2015-03-02,0,16
"Stanford,Barbara  M",10278,19,Production Technician I,MA,37,F,Divorced,US Citizen,No,Two or more races,2011-01-10,NA,N/A-StillEmployed,Active,Production,Kissy Sullivan,20,Google Search,Fully Meets,4.1,4,0,2019-02-07,0,9
"Stansfield, Norman",10307,3,Area Sales Manager,NV,45,M,Married,US Citizen,No,White,2014-05-12,NA,N/A-StillEmployed,Active,Sales,Lynn Daneault,21,Website,PIP,1.81,2,0,2019-01-17,3,5
"Steans, Tyrone",10147,1,Accountant I,MA,33,M,Single,US Citizen,No,White,2014-09-29,NA,N/A-StillEmployed,Active,Admin Offices,Brandon R. LeBlanc,1,Indeed,Fully Meets,3.9,5,5,2019-01-18,0,9
"Stoica, Rick",10266,19,Production Technician I,MA,34,M,Married,US Citizen,No,Asian,2014-02-17,NA,N/A-StillEmployed,Active,Production,Kelley Spirea,18,LinkedIn,Fully Meets,4.7,3,0,2019-01-11,0,4
"Strong, Caitrin",10241,3,Area Sales Manager,MT,30,F,Married,US Citizen,No,Black or African American,2010-09-27,NA,N/A-StillEmployed,Active,Sales,John Smith,17,Indeed,Fully Meets,4.1,4,0,2019-01-31,0,18
"Sullivan, Kissy",10158,18,Production Manager,MA,41,F,Married,US Citizen,No,Black or African American,2009-01-08,NA,N/A-StillEmployed,Active,Production,Janet King,2,Indeed,Fully Meets,3.73,4,0,2019-01-24,0,12
"Sullivan, Timothy",10117,19,Production Technician I,MA,37,M,Married,US Citizen,Yes,White,2015-01-05,NA,N/A-StillEmployed,Active,Production,Michael Albert,22,Google Search,Fully Meets,4.36,5,0,2019-01-24,0,10
"Sutwell, Barbara",10209,19,Production Technician I,MA,51,F,Single,Eligible NonCitizen,No,Asian,2012-05-14,NA,N/A-StillEmployed,Active,Production,Elijiah Gray,16,Indeed,Fully Meets,3.4,5,0,2019-01-31,0,13
"Szabo, Andrew",10024,24,Software Engineer,MA,36,M,Single,US Citizen,No,White,2014-07-07,NA,N/A-StillEmployed,Active,Software Engineering,Alex Sweetwater,10,LinkedIn,Exceeds,4.5,5,5,2019-02-18,0,1
"Tannen, Biff",10173,4,BI Developer,MA,32,M,Married,US Citizen,No,White,2017-04-20,NA,N/A-StillEmployed,Active,IT/IS,Brian Champaigne,13,Indeed,Fully Meets,3.4,3,6,2019-01-02,0,14
"Tavares, Desiree",10221,19,Production Technician I,MA,44,F,Married,Non-Citizen,No,Black or African American,2009-04-27,2013-04-01,Another position,Voluntarily Terminated,Production,Webster Butler,39,Diversity Job Fair,Fully Meets,4.5,5,0,2012-02-15,0,11
"Tejeda, Lenora",10146,20,Production Technician II,MA,66,F,Married,US Citizen,No,White,2011-05-16,2017-07-08,Another position,Voluntarily Terminated,Production,Elijiah Gray,16,Google Search,Fully Meets,3.93,3,0,2017-04-18,0,3
"Terry, Sharlene",10161,3,Area Sales Manager,OR,54,F,Single,US Citizen,No,Black or African American,2014-09-29,NA,N/A-StillEmployed,Active,Sales,Lynn Daneault,21,Indeed,Fully Meets,3.69,3,0,2019-01-28,0,18
"Theamstern, Sophia",10141,19,Production Technician I,MA,54,F,Single,US Citizen,No,White,2011-07-05,2016-09-05,return to school,Voluntarily Terminated,Production,Amy Dunn,11,Indeed,Fully Meets,3.98,4,0,2016-03-02,0,1
"Thibaud, Kenneth",10268,20,Production Technician II,MA,44,M,Widowed,US Citizen,No,White,2007-06-25,2010-08-30,military,Voluntarily Terminated,Production,Webster Butler,39,Other,Fully Meets,4.1,4,0,2010-07-14,0,15
"Tippett, Jeanette",10123,19,Production Technician I,MA,52,F,Divorced,US Citizen,No,Black or African American,2013-02-18,NA,N/A-StillEmployed,Active,Production,Brannon Miller,12,Indeed,Fully Meets,4.21,5,0,2019-01-14,0,4
"Torrence, Jack",10013,3,Area Sales Manager,ND,51,M,Separated,US Citizen,No,White,2006-01-09,NA,N/A-StillEmployed,Active,Sales,Lynn Daneault,21,Indeed,Exceeds,4.1,3,0,2019-01-04,0,6
"Trang, Mei",10287,19,Production Technician I,MA,36,F,Single,US Citizen,No,White,2014-02-17,NA,N/A-StillEmployed,Active,Production,David Stanley,14,LinkedIn,Needs Improvement,2.44,5,0,2019-02-11,4,18
"Tredinnick, Neville",10044,15,Network Engineer,MA,31,M,Married,US Citizen,No,White,2015-01-05,2016-02-12,medical issues,Voluntarily Terminated,IT/IS,Peter Monroe,7,CareerBuilder,Fully Meets,5,3,5,2015-04-15,0,11
"True, Edward",10102,24,Software Engineer,MA,36,NA,Single,Non-Citizen,No,Black or African American,2013-02-18,2018-04-15,NA,Voluntarily Terminated,Software Engineering,Alex Sweetwater,10,NA,Fully Meets,4.6,3,4,2017-02-12,0,NA
"Trzeciak, Cybil",10270,20,Production Technician II,MA,34,F,Single,US Citizen,No,White,2011-01-10,2014-07-02,unhappy,Voluntarily Terminated,Production,Amy Dunn,11,LinkedIn,Fully Meets,4.4,3,0,2014-01-05,0,5
"Turpin, Jumil",NA,15,Network Engineer,MA,50,M,NA,Eligible NonCitizen,No,White,NA,NA,N/A-StillEmployed,Active,IT/IS,Peter Monroe,7,Employee Referral,Fully Meets,5,4,7,2019-01-14,NA,8
"Valentin,Jackie",10205,3,Area Sales Manager,AZ,28,F,Married,US Citizen,No,Two or more races,2011-07-05,NA,N/A-StillEmployed,Active,Sales,John Smith,17,Indeed,Fully Meets,2.81,3,0,2019-01-17,0,16
"Veera, Abdellah",10014,19,Production Technician I,MA,32,M,Divorced,US Citizen,No,White,2012-08-13,2016-02-05,maternity leave - did not return,Voluntarily Terminated,Production,Kissy Sullivan,20,LinkedIn,Exceeds,4.5,5,0,2016-02-01,0,15
"Vega, Vincent",10144,17,Production Manager,MA,51,M,Divorced,US Citizen,No,White,2011-08-01,NA,N/A-StillEmployed,Active,Production,Janet King,2,Employee Referral,Fully Meets,3.93,3,0,2019-02-27,0,19
"Villanueva, Noah",10253,3,Area Sales Manager,ME,30,M,Single,US Citizen,No,Asian,2012-03-05,NA,N/A-StillEmployed,Active,Sales,John Smith,17,Website,Fully Meets,4.5,4,0,2019-01-18,0,11
"Voldemort, Lord",10118,8,Database Administrator,MA,33,M,Married,US Citizen,No,Black or African American,2015-02-16,2017-02-22,"no-call, no-show",Terminated for Cause,IT/IS,Simon Roup,4,Employee Referral,Fully Meets,4.33,3,7,2017-02-15,0,9
"Volk, Colleen",10022,19,Production Technician I,MA,33,F,Married,US Citizen,No,White,2011-09-26,2016-02-08,gross misconduct,Terminated for Cause,Production,Kelley Spirea,18,Google Search,Exceeds,4.3,5,0,2015-02-01,0,18
"Von Massenbach, Anna",10183,19,Production Technician I,MA,34,F,Single,US Citizen,No,White,2015-07-05,NA,N/A-StillEmployed,Active,Production,Michael Albert,22,LinkedIn,Fully Meets,3.21,3,0,2019-01-29,0,7
"Walker, Roger",10190,20,Production Technician II,MA,43,M,Single,US Citizen,No,Black or African American,2014-08-18,NA,N/A-StillEmployed,Active,Production,Ketsia Liebig,19,Employee Referral,Fully Meets,3.11,5,0,2019-02-12,0,4
"Wallace, Courtney  E",10274,18,Production Manager,MA,64,F,Married,US Citizen,No,Black or African American,2011-09-26,2012-01-02,Another position,Voluntarily Terminated,NA,Janet King,2,Diversity Job Fair,NA,4.5,3,0,NA,0,NA
"Wallace, Theresa",10293,19,Production Technician I,MA,39,F,Single,US Citizen,No,White,2012-08-13,2015-09-01,career change,Voluntarily Terminated,Production,Elijiah Gray,16,CareerBuilder,Needs Improvement,2.5,3,0,2014-09-05,6,13
"Wang, Charlie",10172,22,Senior BI Developer,MA,38,M,Single,US Citizen,No,Asian,2017-02-15,NA,N/A-StillEmployed,Active,IT/IS,Brian Champaigne,13,Indeed,Fully Meets,3.42,4,7,2019-01-04,0,17
"Warfield, Sarah",NA,28,Sr. Network Engineer,MA,41,F,Widowed,NA,No,Asian,2015-03-30,NA,N/A-StillEmployed,Active,IT/IS,Peter Monroe,7,Employee Referral,Fully Meets,4.2,NA,8,2019-02-05,0,7
"Whittier, Scott",10072,19,Production Technician I,MA,32,M,Single,US Citizen,Yes,White,2011-01-10,2014-05-15,hours,Voluntarily Terminated,Production,Webster Butler,39,LinkedIn,Fully Meets,5,5,0,2014-05-15,0,11
"Wilber, Barry",10048,19,Production Technician I,MA,54,M,Married,Eligible NonCitizen,No,White,2011-05-16,2015-09-07,unhappy,Voluntarily Terminated,Production,Amy Dunn,11,Website,Fully Meets,5,3,0,2015-02-15,0,7
"Wilkes, Annie",10204,19,Production Technician I,MA,36,F,Divorced,US Citizen,No,White,2011-01-10,2012-05-14,Another position,Voluntarily Terminated,Production,Ketsia Liebig,19,Google Search,Fully Meets,3.6,5,0,2011-02-06,0,9
"Williams, Jacquelyn",10264,NA,Production Technician I,MA,50,F,NA,US Citizen,Yes,NA,2012-01-09,2015-06-27,relocation out of area,Voluntarily Terminated,Production,Ketsia Liebig,19,Diversity Job Fair,Fully Meets,4.3,4,0,2014-06-02,NA,16
"Winthrop, Jordan",10033,20,Production Technician II,MA,61,M,Single,US Citizen,No,White,2013-01-07,2016-02-21,retiring,Voluntarily Terminated,Production,Brannon Miller,12,LinkedIn,Exceeds,5,3,0,2016-01-19,0,7
"Wolk, Hang  T",10174,20,Production Technician II,MA,34,NA,Single,NA,No,NA,2014-09-29,NA,N/A-StillEmployed,Active,Production,NA,14,LinkedIn,Fully Meets,3.4,4,0,2019-02-21,0,14
"Woodson, Jason",10135,20,Production Technician II,MA,34,M,Single,US Citizen,No,White,2014-07-07,NA,N/A-StillEmployed,Active,Production,Kissy Sullivan,20,LinkedIn,Fully Meets,4.07,4,0,2019-02-28,0,13
"Ybarra, Catherine",10301,19,Production Technician I,MA,37,F,Single,US Citizen,No,Asian,2008-09-02,2015-09-29,Another position,Voluntarily Terminated,Production,Brannon Miller,12,Google Search,PIP,3.2,2,0,2015-09-02,5,4
"Zamora, Jennifer",10010,6,CIO,MA,40,F,Single,US Citizen,No,White,2010-04-10,NA,N/A-StillEmployed,Active,IT/IS,Janet King,2,Employee Referral,Exceeds,4.6,5,6,2019-02-21,0,16
"Zhou, Julia",10043,9,Data Analyst,MA,40,F,Single,US Citizen,No,White,2015-03-30,NA,N/A-StillEmployed,Active,IT/IS,Simon Roup,4,Employee Referral,Fully Meets,5,3,5,2019-02-01,0,11
"Zima, Colleen",10271,19,pasante subpagado,MA,41,F,Widowed,US Citizen,No,Asian,2014-09-29,NA,N/A-StillEmployed,Active,Production,David Stanley,14,LinkedIn,Fully Meets,4.5,5,0,2019-01-30,0,2
